{"count":1,"self":1406.2542847999998,"total":5830.1774297,"children":{"InitializeActuators":{"count":16,"self":0.0030020999999999997,"total":0.0030020999999999997,"children":null},"InitializeSensors":{"count":16,"self":0.0040016999999999995,"total":0.0040016999999999995,"children":null},"AgentSendState":{"count":1975867,"self":529.85216,"total":641.5914236,"children":{"CollectObservations":{"count":3161392,"self":15.885159999999999,"total":15.885159999999999,"children":null},"WriteActionMask":{"count":3161392,"self":1.7522418,"total":1.7522418,"children":null},"RequestDecision":{"count":3161392,"self":9.249115999999999,"total":94.10186929999999,"children":{"AgentInfo.ToProto":{"count":3161392,"self":7.3820248,"total":84.8527536,"children":{"GenerateSensorData":{"count":3161392,"self":53.5496256,"total":77.470728999999992,"children":{"RayPerceptionSensor.Perceive":{"count":12645568,"self":23.9211024,"total":23.9211028,"children":null}}}}}}}}},"DecideAction":{"count":1975867,"self":3766.1401088,"total":3766.1400088,"children":null},"AgentAct":{"count":1975867,"self":14.039700799999999,"total":14.0987157,"children":{"AgentInfo.ToProto":{"count":1725,"self":0.0020006,"total":0.0590152,"children":{"GenerateSensorData":{"count":1725,"self":0.0410106,"total":0.0570146,"children":{"RayPerceptionSensor.Perceive":{"count":6900,"self":0.016004,"total":0.016004,"children":null}}}}}}},"AgentInfo.ToProto":{"count":48343,"self":0.3059803,"total":2.0839543,"children":{"GenerateSensorData":{"count":48343,"self":1.2970819999999998,"total":1.777974,"children":{"RayPerceptionSensor.Perceive":{"count":193372,"self":0.480892,"total":0.480892,"children":null}}}}}},"gauges":{"Autopark.CumulativeReward":{"count":50068,"max":2.02444172,"min":-0.140622,"runningAverage":0.356311262,"value":0.053913027,"weightedAverage":0.34962517}},"metadata":{"timer_format_version":"0.1.0","start_time_seconds":"1669226985","unity_version":"2021.3.14f1","command_line_arguments":"E:\\Desktop\\3Dgame\\2021.3.14f1\\Editor\\Unity.exe -projectpath E:\\Desktop\\3Dgame\\unity-autonomous-parking-ml-agents-master\\unity-autonomous-parking-ml-agents-master -useHub -hubIPC -cloudEnvironment production -licensingIpc LicenseClient-llyxi -hubSessionId becf8ec0-6b2c-11ed-9c68-c3be4663c629 -projectpath E:\\Desktop\\3Dgame\\AI-Parking-Unity-main\\AI-Parking-Unity-main\\Parking Environment -useHub -hubIPC -cloudEnvironment production -licensingIpc LicenseClient-llyxi -hubSessionId becf8ec0-6b2c-11ed-9c68-c3be4663c629","communication_protocol_version":"1.5.0","com.unity.ml-agents_version":"2.0.1","scene_name":"Training","end_time_seconds":"1669232815"}}